<?xml version="1.0" encoding="UTF-8"?>
<project-private xmlns="http://www.netbeans.org/ns/project-private/1">
    <editor-bookmarks xmlns="http://www.netbeans.org/ns/editor-bookmarks/2" lastBookmarkId="0"/>
    <open-files xmlns="http://www.netbeans.org/ns/projectui-open-files/2">
        <group>
            <file>file:/C:/Users/janed/Downloads/Group1_OOPfinal/Group1_OOP/src/SplashScreen.java</file>
            <file>file:/C:/Users/janed/Downloads/Group1_OOPfinal/Group1_OOP/src/StudentLogin.java</file>
            <file>file:/C:/Users/janed/Downloads/Group1_OOPfinal/Group1_OOP/src/RegisterForm.java</file>
            <file>file:/C:/Users/janed/Downloads/Group1_OOPfinal/Group1_OOP/src/CodeEditor.java</file>
            <file>file:/C:/Users/janed/Downloads/Group1_OOPfinal/Group1_OOP/src/Home.java</file>
        </group>
    </open-files>
</project-private>
